BLAUW;BLAUW
BRUIN;BRUIN
ZWART;ZWART
ZWARTSUEDE;ZWART
BLAUWSUEDE;BLAUW
PAARS;PAARS
PAARSUEDE;PAARS
ZWARTLEER;ZWART
GRIJS;GRIJS
BORDEAUX;BORDEAUX
BL/GEEL;BLAUW
TAUPE;TAUPE
TURQUOISE;TURQUOISE
BEIGE/BR;BEIGE
WIT/ZILVER;WIT
BL/GRIJS;BLAUW
TURQ LAK;TURQUOISE
TAUPE/ORAN;TAUPE
ROSE/WIT;ROZE
PLOMO;PLOMO
BEIGE/GOUD;BEIGE
WIT;WIT
ROOM/ROSE;ROOM
ROOM;ROOM
BLAUW/ROOD;BLAUW
ZW/GRIJS;ZWART
GRIJS/CAMO;GRIJS
COGNAC;COGNAC
ZW/WIT;ZWART
ZW/LUIP;ZWART
JEANSBLAUW;JEANS
D BLAUW;DONKER BLAUW
BEIGE;BEIGE
ECRU;ECRU
ZWART/LUIP;ZWART
WIT/MULTI;WIT
COGN/SUEDE;COGNAC
GOUD;GOUD
ZW/ROOM;ZWART
ZWART/FISH;ZWART
ZILVER;ZILVER
ZW/BRUIN;ZWART
BEIGE/PYTH;BEIGE
ZILV/BLAUW;ZILVER
ZILV/ROSE;ZILVER
BLAUW/WIT;BLAUW
BEIGESUEDE;BEIGE
ZILVBLPYTH;ZILVER
ROSE;ROZE
BRONS;BRONS
ZALM;ZALM
ROSEGOUD;ROZEGOUD
KOBALT;KOBALT
ZWART/WIT;ZWART
ZW/GOUD;ZWART
GROEN/MULT;GROEN
BEIGE/ZW;BEIGE
ZWART/BL;ZWART
ZILVER/ZW;ZILVER
ZWART/CAMO;ZWART
ZW/BLAUW;ZWART
ROOD;ROOD
D ZILVER;ZILVER
BR/BRONS;BRONS
ZW/ROOD;ZWART
FUCHSIA;FUCHSIA
BORD/BLAUW;BORDEAUX
GRIJS/ZW;GRIJS
BLAUW/ZILV;BLAUW
ZALMROSE;ZALM
BLAUW/GR;BLAUW
ZWART/GR;ZWART
MINTGROEN;MINT
ZWART/BR;ZWART
GROEN;GROEN
X;X
ZWARTLAK;ZWART
WIT/GOUD;WIT
ROOM/BLZ;ROOM
MINT;MINT
ZWART/GEEL;ZWART
WIT/GRIJS;WIT
ROZE;ROZE
BEIGE/ROSE;BEIGE
GRIJS/ZILV;GRIJS
D GROEN;DONKER GROEN
NUDE;BEIGE
GROEN/CAMO;GROEN
NERO;ZWART
TRIBE;ZILVER
ANIMALIER;MULTI
AVORIO;WIT
BALENA;BLAUW
BUTTERFLY;MULTI
COCCINELLA;ROOD
DODGERS;KOBALT
FILIGRANA;GRIJS
GRAFFITI;MULTI
GRANATINA;ORANJE
KAKI;KHAKI
LUREX;GOUD
MILKSHAKE;ROZE
PIED DE PO;ZWART/WIT
PLANET;KHAKI
PRELUDIO;DONKER BLAUW
SOFT PINK;ZACHT ROZE
TOFFEE;TOFFEE
TROPHY;GROEN
TROPICAL;MULTI
LILA;LILA
ZWART/ROOD;ZWART
GEEL;GEEL
LILLA;LILA
ROODLAK;ROOD
LICHTBLAUW;LICHT BLAUW
WIT/TAUPE;WIT
WIT/COGN;WIT
MULTI;MULTI
ZWART/BRON;ZWART
WIT/ROSE;WIT
WIT/GROEN;WIT
WIT/ZWART;WIT
ORANJE;ORANJE
ROSé;ROZE
ZILVER/GOU;ZILVER
CAMELSUEDE;CAMEL
COGNACSUED;COGNAC
ROODSUEDE;ROOD
BLAUW/PYTH;BLAUW
BLAUWLEER;BLAUW
CHESTNUT;CHESTNUT
ONE;X
ROSƒ;ROZE
L BLAUW;LICHT BLAUW
PETROL;PETROL
BLU SCURO;DONKER BLAUW
WIT/ROOD;WIT
ZWART/GOUD;ZWART
WIT/DENIM;WIT
GRIJS/ROZE;GRIJS
ZWART/MULT;ZWART
WIT/BLAUW;WIT
ZWART/ZILV;ZWART
GROEN/MINT;MINT
ROZE/ZALM;ZALM
BLAUW/COGN;BLAUW
COGN/ROOM;COGNAC
SKYBLAUW;LICHT BLAUW
BRUIN MULT;BRUIN
BR SUEDE;BRUIN
D BRUIN;DONKER BRUIN
ZW CAV;ZWART
D BR/BRONS;DONKER BRUIN
ZW SUEDE;ZWART
BR/TAUPE;BRUIN
COGN/GROEN;COGNAC
ZILV/BEIGE;ZILVER
GROENMETH;GROEN
ZW LAKSUED;ZWART
ZW/KOBALT;ZWART
COGN/LUIP;COGNAC
GROEN CAMO;CAMO
PERZIK;PERZIK
ZW/METALIC;ZWART
ZW/SUEDE;ZWART
POEDERROSE;ROZE
WIT/CAMO;WIT
DBRUIN;DONKER BRUIN
BEIGE/BL;BEIGE
ORANJ/BEIG;ORANJE
GROEN/GEEL;GROEN
BEIGE LAK;BEIGE
ROSE LAK;ROZE
GRIJSUEDE;GRIJS
BEIGE/ZILV;BEIGE
TAUPELAK;TAUPE
ZILVERLAK;ZILVER
ROSE/GOUD;ROZE
ZW/BEIGE;ZWART
BEIGE/WIT;BEIGE
GOUDSUEDE;GOUD
KORAALSUED;KORAAL ROOD
D BL SUEDE;DONKER BLAUW
GRIJS/WIT;GRIJS
ROOM/WIT;ROOM
MULTILAK;MULTI
BRUINMULTI;BRUIN
WIT MULTI;WIT
ZWARTGROEN;GROEN
BEIGEBLAUW;BEIGE
COGN/GOUD;COGNAC
GRIJSSUEDE;GRIJS
BRUINLUIP;BRUIN
CAMEL;CAMEL
BEIGE/NUB;BEIGE
BR/GROEN;BRUIN
COGN/ZILV;COGNAC
ZW/WIT ZEB;ZWART
ZW/COGN LU;ZWART
L.BLAUW;LICHT BLAUW
BRUIN/CAMO;BRUIN
TAUPESUEDE;TAUPE
KOBALTSUED;KOBALT
ZW/GR/LAK;ZWART
JEANS;JEANS
OUDROSE;OUD ROZE
BRUINSUEDE;BRUIN
ZW/WIT/ZIL;ZWART
ZWARTWIT;ZWART
ZW/CAVALL;ZWART
ZW/ZILVER;ZWART
ROOD/TURQ;ROOD
ZWARTBRONS;ZWART
GROEN/ZWAR;GROEN
BRUINGROEN;GROEN
OLIE ZWART;ZWART
ZEBRA/ZW;ZEBRA
ZW/BL/WIT;ZWART
BLAUW/ZW;BLAUW
ZW/MULTI;ZWART
ZILV/GRIJS;ZILVER
TURQ MULTI;TURQUOISE
ZW MULTI;ZWART
GEELORANJE;GEEL
FUCH/GROEN;FUCHSIA
ZWARTMULTI;ZWART
KORAALROOD;KORAAL ROOD
ZW/BRONS;ZWART
BR/LUIPAAR;BRUIN
FUCHIA;FUCHSIA
KOBALT/BL;KOBALT
ROSE/NUDE;ROZE
D GRIJS;DONKER GRIJS
GOUD/ZILV;GOUD
ZWART/D.BL;ZWART
GRIJS/ROOD;GRIJS
GRIJSBLAUW;GRIJS
GRIJS/GEEL;GRIJS
ZWART/GLIT;ZWART
GROEN/GLIT;GROEN
WIT/PYTH;WIT
GOUD/MULTI;GOUD
BL/PYTHON;BLAUW
CAMEL/MULT;CAMEL
GRIJS/ROSE;GRIJS
BLAUWLAK;BLAUW
BL/ORANJE;BLAUW
COGN/BRUIN;COGNAC
ZW/LAK;ZWART
ZW/PONY;ZWART
BL/SUEDE;BLAUW
ZWART/LIME;ZWART
D.BLAUW;DONKER BLAUW
SAND;ZAND
COGN/PYTH;COGNAC
BL/GOUD;BLAUW
ROOM/GROEN;ROOM
BRONS/ZW;BRONS
ZW/HAWAII;ZWART
KHAKI;KHAKI