1,1,LAARZEN
1,2,SNEAKERS
1,3,SCHOENEN
1,4,SLIPPERS
1,5,PANTOFFELS
1,6,MOCCASIN
1,7,MOLLIERE
1,8,INSTAPPER
1,9,OVERIG
1,10,ENKELSCHOEN
1,11,BOOTSCHOEN
1,12,VETERSCHOEN
1,13,RUNNER
1,14,ESPADRILLES
1,15,BROQUE
1,16,BOOTIES
1,17,ENKELLAARS
1,18,SANDAAL
2,1,RIEM
2,2,TASSEN
2,3,PORTEMONNEE
2,4,HANDSCHOENEN
2,5,SJAALS
2,6,ACCESSOIRES
2,7,JASSEN
2,8,TOILETTAS
2,9,PET
2,10,KADO SET
2,11,CLUTCH
2,12,TROLLEY
2,13,OVERIG
2,14,MUTS
2,15,WANTEN
2,16,HAARBAND
2,17,OORWARMER
2,18,CEINTUUR
2,19,HOED
2,20,BEENWARMER
2,21,COL
2,22,BONTRAND
2,23,PAREO
2,24,MAND
2,25,SLEUTELHANGER
2,26,SHOPPER
2,27,RUGZAK
2,28,ARMBAND
2,29,PONCHO
2,30,TELEFOONHOESJE
2,31,IPAD HOES
2,32,REISKOFFER
2,33,HARDLOOPBAND
2,34,IPHONE TASJE
2,35,SWEATER
2,36,T-SHIRT
2,37,OORBELLEN
2,38,BLAZER
2,39,GILET
2,40,TOP
2,41,JACK
2,42,BEAUTYCASE
2,43,CREDITCARDHOUDER
2,44,PARAPLU
2,45,JURK
2,46,NECKLACE
2,47,WATERSTOP SPRAY
2,48,STRECTCH SPRAY
2,49,SHORT
2,50,SOKKEN
2,51,LETTERS
2,52,BASEBALL CAP
2,53,BROEK
2,54,INLEGZOOL
2,55,BLOUSE
2,56,POLO
3,1,LAARZEN
3,2,PUMPS
3,3,HOOGFRONT
3,4,BALLERINA'S
3,5,SNEAKERS
3,6,MUIL
3,7,SLIPPERS
3,8,SANDALEN
3,9,PANTOFFELS
3,10,FLAT
3,11,INSTAPPERS
3,12,KLOMP
3,13,MOCCASIN
3,14,MOLLIERE
3,15,ENKELSCHOEN
3,16,OVERIG
3,17,SLEEHAK
3,18,KLOMPSANDAAL
3,19,VETERSCHOEN
3,20,MOONBOOT
3,21,ESPADRILLE
3,22,RUNNER
3,23,BOOTSCHOEN
3,24,KUITLAARS
3,25,ENKELLAARS
3,26,KNIELAARS
3,27,KAPLAARS
3,28,OVER DE KNIELAARS
3,29,BERGSCHOEN
4,1,MEISJES
4,2,JONGENS
4,3,ACCESOIRES
4,4,BABY
4,5,JASSEN
4,6,SNEAKERS
4,7,UNI
5,1,MEISJESKLEDING
5,2,JONGENSKLEDING
5,3,BABYKLEDING
5,4,UNISEX
5,5,ACCESSOIRES
6,1,LAARZEN
6,2,SNEAKERS
6,3,SCHOENEN
6,4,SLIPPERS
6,5,PANTOFFELS
6,6,SANDALEN
6,7,INSTAPPERS
7,1,HEREN ACCESSOIRES
7,2,DAMES ACCESSOIRES
7,3,KINDER ACCESSOIRES
7,4,BABY ACCESSOIRES
7,5,ONDERHOUD ACCESSOIRES
8,1,LAARZEN
8,2,PUMPS
8,3,SNEAKERS
8,4,BALLERINA'S
8,5,SLIPPERS
8,6,SANDALEN
8,7,PANTOFFELS 
8,8,INSTAPPERS
8,9,SCHOENEN
8,10,ESPADRILLES
9,1,JONGENSSCHOENEN
9,2,MEISJESSCHOENEN
9,3,BABYSCHOENEN
10,1,JONGENSKLEDING
10,2,MEISJESKLEDING
10,3,BABYKLEDING
